"seller","day_of_week","income"
AbrahamBennet,Monday   ,14293368
AbrahamBennet,Monday   ,13485559
AbrahamBennet,Monday   ,19687184
AbrahamBennet,Monday   ,19081230
AbrahamBennet,Monday   ,16384163
AbrahamBennet,Monday   ,13644722
AbrahamBennet,Monday   ,14425997
AbrahamBennet,Monday   ,10012033
AbrahamBennet,Monday   ,15735722
AbrahamBennet,Monday   ,16509282
AbrahamBennet,Monday   ,20349447
AbrahamBennet,Monday   ,9932043
AbrahamBennet,Monday   ,13428763
AbrahamBennet,Monday   ,15203984
AbrahamBennet,Monday   ,19671740
AlbertRinger,Monday   ,39988013
AlbertRinger,Monday   ,21742840
AlbertRinger,Monday   ,28254710
AlbertRinger,Monday   ,28015437
AlbertRinger,Monday   ,19939383
AlbertRinger,Monday   ,26778061
AlbertRinger,Monday   ,26993333
AlbertRinger,Monday   ,14698449
AlbertRinger,Monday   ,25456685
AlbertRinger,Monday   ,29268566
AlbertRinger,Monday   ,29910071
AlbertRinger,Monday   ,22041143
AlbertRinger,Monday   ,26095767
AlbertRinger,Monday   ,21975271
AlbertRinger,Monday   ,31220301
AnnDull,Monday   ,2712202
AnnDull,Monday   ,2465335
AnnDull,Monday   ,3057364
AnnDull,Monday   ,2272865
AnnDull,Monday   ,3271042
AnnDull,Monday   ,2794084
AnnDull,Monday   ,2168865
AnnDull,Monday   ,2326924
AnnDull,Monday   ,2810496
AnnDull,Monday   ,2487167
AnnDull,Monday   ,2689772
AnnDull,Monday   ,2322181
AnnDull,Monday   ,2954301
AnnDull,Monday   ,3073179
AnnDull,Monday   ,2251059
AnneRinger,Monday   ,4038575
AnneRinger,Monday   ,4118218
AnneRinger,Monday   ,2864944
AnneRinger,Monday   ,3836333
AnneRinger,Monday   ,1936510
AnneRinger,Monday   ,2907899
AnneRinger,Monday   ,3392027
AnneRinger,Monday   ,3024230
AnneRinger,Monday   ,4121353
AnneRinger,Monday   ,4081531
AnneRinger,Monday   ,2947721
AnneRinger,Monday   ,4602346
AnneRinger,Monday   ,3958932
AnneRinger,Monday   ,3879289
AnneRinger,Monday   ,3677047
BurtGringlesby,Monday   ,9467535
BurtGringlesby,Monday   ,7760651
BurtGringlesby,Monday   ,9049901
BurtGringlesby,Monday   ,5394803
BurtGringlesby,Monday   ,7296737
BurtGringlesby,Monday   ,7370839
BurtGringlesby,Monday   ,6562936
BurtGringlesby,Monday   ,6421035
BurtGringlesby,Monday   ,8893348
BurtGringlesby,Monday   ,7904312
BurtGringlesby,Monday   ,8707672
BurtGringlesby,Monday   ,8111965
BurtGringlesby,Monday   ,9162957
BurtGringlesby,Monday   ,9219624
BurtGringlesby,Monday   ,7105494
CharleneLocksley,Monday   ,9104145
CharleneLocksley,Monday   ,9729581
CharleneLocksley,Monday   ,7367556
CharleneLocksley,Monday   ,6601376
CharleneLocksley,Monday   ,5946108
CharleneLocksley,Monday   ,6782150
CharleneLocksley,Monday   ,6596277
CharleneLocksley,Monday   ,5268914
CharleneLocksley,Monday   ,8144955
CharleneLocksley,Monday   ,6501939
CharleneLocksley,Monday   ,8572282
CharleneLocksley,Monday   ,6548345
CharleneLocksley,Monday   ,8306095
CharleneLocksley,Monday   ,7851997
CharleneLocksley,Monday   ,5128936
CherylCarson,Monday   ,6044545
CherylCarson,Monday   ,4821726
CherylCarson,Monday   ,6205077
CherylCarson,Monday   ,2551771
CherylCarson,Monday   ,4407318
CherylCarson,Monday   ,4146286
CherylCarson,Monday   ,4910539
CherylCarson,Monday   ,3670322
CherylCarson,Monday   ,6333900
CherylCarson,Monday   ,6205839
CherylCarson,Monday   ,4424715
CherylCarson,Monday   ,5389890
CherylCarson,Monday   ,7613744
CherylCarson,Monday   ,5315087
CherylCarson,Monday   ,5936889
DeanStraight,Monday   ,11789376
DeanStraight,Monday   ,13754796
DeanStraight,Monday   ,11905938
DeanStraight,Monday   ,13807973
DeanStraight,Monday   ,11365372
DeanStraight,Monday   ,13881006
DeanStraight,Monday   ,12918838
DeanStraight,Monday   ,14515865
DeanStraight,Monday   ,10529994
DeanStraight,Monday   ,10724538
DeanStraight,Monday   ,17417197
DeanStraight,Monday   ,15326226
DeanStraight,Monday   ,11456382
DeanStraight,Monday   ,10419113
DeanStraight,Monday   ,12737556
DirkStringer,Monday   ,48962949
DirkStringer,Monday   ,63199293
DirkStringer,Monday   ,49688624
DirkStringer,Monday   ,28472687
DirkStringer,Monday   ,53066291
DirkStringer,Monday   ,48013015
DirkStringer,Monday   ,43909672
DirkStringer,Monday   ,51139974
DirkStringer,Monday   ,55968991
DirkStringer,Monday   ,67051927
DirkStringer,Monday   ,52340616
DirkStringer,Monday   ,56193251
DirkStringer,Monday   ,41481940
DirkStringer,Monday   ,47511599
HeatherMcBadden,Monday   ,22684005
HeatherMcBadden,Monday   ,19190861
HeatherMcBadden,Monday   ,19216564
HeatherMcBadden,Monday   ,18314124
HeatherMcBadden,Monday   ,15069896
HeatherMcBadden,Monday   ,26181677
HeatherMcBadden,Monday   ,20906735
HeatherMcBadden,Monday   ,18991189
HeatherMcBadden,Monday   ,15195961
HeatherMcBadden,Monday   ,20404419
HeatherMcBadden,Monday   ,24681656
HeatherMcBadden,Monday   ,19061597
HeatherMcBadden,Monday   ,15182089
HeatherMcBadden,Monday   ,21107242
HeatherMcBadden,Monday   ,16826626
Innesdel Castillo,Monday   ,16339660
Innesdel Castillo,Monday   ,14394907
Innesdel Castillo,Monday   ,21642313
Innesdel Castillo,Monday   ,14938619
Innesdel Castillo,Monday   ,11386550
Innesdel Castillo,Monday   ,14654025
Innesdel Castillo,Monday   ,22978404
Innesdel Castillo,Monday   ,22771157
Innesdel Castillo,Monday   ,15160207
Innesdel Castillo,Monday   ,20878617
Innesdel Castillo,Monday   ,16247973
Innesdel Castillo,Monday   ,24093248
Innesdel Castillo,Monday   ,16716282
Innesdel Castillo,Monday   ,12217773
Innesdel Castillo,Monday   ,16573013
JohnsonWhite,Monday   ,7958762
JohnsonWhite,Monday   ,5077972
JohnsonWhite,Monday   ,8465660
JohnsonWhite,Monday   ,7521541
JohnsonWhite,Monday   ,4546079
JohnsonWhite,Monday   ,7753645
JohnsonWhite,Monday   ,6304532
JohnsonWhite,Monday   ,6627160
JohnsonWhite,Monday   ,9958600
JohnsonWhite,Monday   ,4928814
JohnsonWhite,Monday   ,4847862
JohnsonWhite,Monday   ,8032192
JohnsonWhite,Monday   ,5120362
JohnsonWhite,Monday   ,6093414
JohnsonWhite,Monday   ,5324180
LiviaKarsen,Monday   ,10475774
LiviaKarsen,Monday   ,8981964
LiviaKarsen,Monday   ,5111410
LiviaKarsen,Monday   ,8897148
LiviaKarsen,Monday   ,5015992
LiviaKarsen,Monday   ,8928954
LiviaKarsen,Monday   ,7921340
LiviaKarsen,Monday   ,10245074
LiviaKarsen,Monday   ,7392736
LiviaKarsen,Monday   ,8169650
LiviaKarsen,Monday   ,12139215
LiviaKarsen,Monday   ,8340331
LiviaKarsen,Monday   ,10759483
LiviaKarsen,Monday   ,9762472
MarjorieGreen,Monday   ,8197952
MarjorieGreen,Monday   ,5425756
MarjorieGreen,Monday   ,5913417
MarjorieGreen,Monday   ,8467689
MarjorieGreen,Monday   ,4951882
MarjorieGreen,Monday   ,7173264
MarjorieGreen,Monday   ,6826253
MarjorieGreen,Monday   ,6401745
MarjorieGreen,Monday   ,8020500
MarjorieGreen,Monday   ,8274560
MarjorieGreen,Monday   ,4090526
MarjorieGreen,Monday   ,5207831
MarjorieGreen,Monday   ,8698511
MarjorieGreen,Monday   ,4964446
MarjorieGreen,Monday   ,4925531
MeanderSmith,Monday   ,4049530
MeanderSmith,Monday   ,5052091
MeanderSmith,Monday   ,2658688
MeanderSmith,Monday   ,3764225
MeanderSmith,Monday   ,2317786
MeanderSmith,Monday   ,3698554
MeanderSmith,Monday   ,2977202
MeanderSmith,Monday   ,3616472
MeanderSmith,Monday   ,5102458
MeanderSmith,Monday   ,3092493
MeanderSmith,Monday   ,3222213
MeanderSmith,Monday   ,3955133
MeanderSmith,Monday   ,2317038
MeanderSmith,Monday   ,3008917
MeanderSmith,Monday   ,3327431
MichaelO'Leary,Monday   ,10493889
MichaelO'Leary,Monday   ,7911633
MichaelO'Leary,Monday   ,5347696
MichaelO'Leary,Monday   ,6977608
MichaelO'Leary,Monday   ,11336323
MichaelO'Leary,Monday   ,11290527
MichaelO'Leary,Monday   ,7939111
MichaelO'Leary,Monday   ,8744908
MichaelO'Leary,Monday   ,7014245
MichaelO'Leary,Monday   ,14761013
MichaelO'Leary,Monday   ,13891102
MichaelO'Leary,Monday   ,10438934
MichaelO'Leary,Monday   ,10457253
MichaelO'Leary,Monday   ,7032563
MichaelO'Leary,Monday   ,4459466
MichelDeFrance,Monday   ,28143344
MichelDeFrance,Monday   ,25893363
MichelDeFrance,Monday   ,22213726
MichelDeFrance,Monday   ,30410247
MichelDeFrance,Monday   ,37327638
MichelDeFrance,Monday   ,33563215
MichelDeFrance,Monday   ,33312336
MichelDeFrance,Monday   ,40864914
MichelDeFrance,Monday   ,35118311
MichelDeFrance,Monday   ,27148171
MichelDeFrance,Monday   ,29515425
MichelDeFrance,Monday   ,34307509
MichelDeFrance,Monday   ,31028511
MichelDeFrance,Monday   ,38697597
MichelDeFrance,Monday   ,32040606
MorningstarGreene,Monday   ,4975161
MorningstarGreene,Monday   ,3929336
MorningstarGreene,Monday   ,3496641
MorningstarGreene,Monday   ,7024879
MorningstarGreene,Monday   ,5105010
MorningstarGreene,Monday   ,3133828
MorningstarGreene,Monday   ,4132231
MorningstarGreene,Monday   ,6364982
MorningstarGreene,Monday   ,4313995
MorningstarGreene,Monday   ,5322840
MorningstarGreene,Monday   ,2823175
MorningstarGreene,Monday   ,4449411
MorningstarGreene,Monday   ,3690978
MorningstarGreene,Monday   ,4546062
MorningstarGreene,Monday   ,4072755
ReginaldBlotchet-Halls,Monday   ,5196399
ReginaldBlotchet-Halls,Monday   ,9520827
ReginaldBlotchet-Halls,Monday   ,7530268
ReginaldBlotchet-Halls,Monday   ,4977103
ReginaldBlotchet-Halls,Monday   ,7168700
ReginaldBlotchet-Halls,Monday   ,7578564
ReginaldBlotchet-Halls,Monday   ,5952153
ReginaldBlotchet-Halls,Monday   ,8353894
ReginaldBlotchet-Halls,Monday   ,5380443
ReginaldBlotchet-Halls,Monday   ,9223236
ReginaldBlotchet-Halls,Monday   ,5755058
ReginaldBlotchet-Halls,Monday   ,5372604
ReginaldBlotchet-Halls,Monday   ,5535762
ReginaldBlotchet-Halls,Monday   ,7891832
ReginaldBlotchet-Halls,Monday   ,7741722
SherylHunter,Monday   ,11937365
SherylHunter,Monday   ,10457358
SherylHunter,Monday   ,9684896
SherylHunter,Monday   ,11731155
SherylHunter,Monday   ,11212849
SherylHunter,Monday   ,10293773
SherylHunter,Monday   ,10916068
SherylHunter,Monday   ,7468907
SherylHunter,Monday   ,9821701
SherylHunter,Monday   ,10956449
SherylHunter,Monday   ,9964121
SherylHunter,Monday   ,9359145
SherylHunter,Monday   ,8732949
SherylHunter,Monday   ,11149296
SherylHunter,Monday   ,9615491
StearnsMacFeather,Monday   ,2338365
StearnsMacFeather,Monday   ,1580570
StearnsMacFeather,Monday   ,1115653
StearnsMacFeather,Monday   ,2528071
StearnsMacFeather,Monday   ,2251524
StearnsMacFeather,Monday   ,3127303
StearnsMacFeather,Monday   ,2290807
StearnsMacFeather,Monday   ,2399234
StearnsMacFeather,Monday   ,2083493
StearnsMacFeather,Monday   ,1519061
StearnsMacFeather,Monday   ,1513020
StearnsMacFeather,Monday   ,2326797
StearnsMacFeather,Monday   ,1362307
StearnsMacFeather,Monday   ,2233034
StearnsMacFeather,Monday   ,2109030
SylviaPanteley,Monday   ,4379731
SylviaPanteley,Monday   ,4866520
SylviaPanteley,Monday   ,6168513
SylviaPanteley,Monday   ,8888208
SylviaPanteley,Monday   ,6799900
SylviaPanteley,Monday   ,8247923
SylviaPanteley,Monday   ,7928405
SylviaPanteley,Monday   ,5106776
SylviaPanteley,Monday   ,6645990
SylviaPanteley,Monday   ,8072050
SylviaPanteley,Monday   ,6689100
SylviaPanteley,Monday   ,5845454
SylviaPanteley,Monday   ,7074462
SylviaPanteley,Monday   ,3237036
SylviaPanteley,Monday   ,6449353
AbrahamBennet,Tuesday  ,20029446
AbrahamBennet,Tuesday  ,23784730
AbrahamBennet,Tuesday  ,16995968
AbrahamBennet,Tuesday  ,14224105
AbrahamBennet,Tuesday  ,16748059
AbrahamBennet,Tuesday  ,16499639
AbrahamBennet,Tuesday  ,12264088
AbrahamBennet,Tuesday  ,13162307
AbrahamBennet,Tuesday  ,18199024
AbrahamBennet,Tuesday  ,16131139
AbrahamBennet,Tuesday  ,21607321
AbrahamBennet,Tuesday  ,16460956
AbrahamBennet,Tuesday  ,18919714
AbrahamBennet,Tuesday  ,16603819
AbrahamBennet,Tuesday  ,17427710
AlbertRinger,Tuesday  ,23718634
AlbertRinger,Tuesday  ,34321735
AlbertRinger,Tuesday  ,29840766
AlbertRinger,Tuesday  ,27775417
AlbertRinger,Tuesday  ,16727383
AlbertRinger,Tuesday  ,20062424
AlbertRinger,Tuesday  ,37916239
AlbertRinger,Tuesday  ,33919124
AlbertRinger,Tuesday  ,19590167
AlbertRinger,Tuesday  ,30275814
AlbertRinger,Tuesday  ,32908629
AlbertRinger,Tuesday  ,21643202
AlbertRinger,Tuesday  ,30043969
AlbertRinger,Tuesday  ,34051169
AlbertRinger,Tuesday  ,26227025
AnnDull,Tuesday  ,2810809
AnnDull,Tuesday  ,1520333
AnnDull,Tuesday  ,2458434
AnnDull,Tuesday  ,2189761
AnnDull,Tuesday  ,2672736
AnnDull,Tuesday  ,2168241
AnnDull,Tuesday  ,3193929
AnnDull,Tuesday  ,3085473
AnnDull,Tuesday  ,2399294
AnnDull,Tuesday  ,3013414
AnnDull,Tuesday  ,3259034
AnnDull,Tuesday  ,2255204
AnnDull,Tuesday  ,2536457
AnnDull,Tuesday  ,2859813
AnnDull,Tuesday  ,1674871
AnneRinger,Tuesday  ,4118218
AnneRinger,Tuesday  ,2864944
AnneRinger,Tuesday  ,2055975
AnneRinger,Tuesday  ,3548179
AnneRinger,Tuesday  ,2901631
AnneRinger,Tuesday  ,3833199
AnneRinger,Tuesday  ,2947721
AnneRinger,Tuesday  ,3309250
AnneRinger,Tuesday  ,3995619
AnneRinger,Tuesday  ,4562524
AnneRinger,Tuesday  ,4363416
AnneRinger,Tuesday  ,5129429
AnneRinger,Tuesday  ,4200996
AnneRinger,Tuesday  ,4038575
BurtGringlesby,Tuesday  ,9109352
BurtGringlesby,Tuesday  ,7396901
BurtGringlesby,Tuesday  ,6699272
BurtGringlesby,Tuesday  ,8046213
BurtGringlesby,Tuesday  ,8408939
BurtGringlesby,Tuesday  ,5813460
BurtGringlesby,Tuesday  ,8633570
BurtGringlesby,Tuesday  ,8638112
BurtGringlesby,Tuesday  ,7710285
BurtGringlesby,Tuesday  ,7601036
BurtGringlesby,Tuesday  ,8372768
BurtGringlesby,Tuesday  ,4559079
BurtGringlesby,Tuesday  ,8081360
BurtGringlesby,Tuesday  ,7731805
BurtGringlesby,Tuesday  ,7651859
CharleneLocksley,Tuesday  ,6144729
CharleneLocksley,Tuesday  ,5854831
CharleneLocksley,Tuesday  ,6364510
CharleneLocksley,Tuesday  ,6168439
CharleneLocksley,Tuesday  ,8298446
CharleneLocksley,Tuesday  ,8260201
CharleneLocksley,Tuesday  ,5795678
CharleneLocksley,Tuesday  ,6575116
CharleneLocksley,Tuesday  ,5290586
CharleneLocksley,Tuesday  ,7580711
CharleneLocksley,Tuesday  ,8382837
CharleneLocksley,Tuesday  ,7424670
CharleneLocksley,Tuesday  ,6309440
CharleneLocksley,Tuesday  ,7370616
CharleneLocksley,Tuesday  ,6598827
CherylCarson,Tuesday  ,5000417
CherylCarson,Tuesday  ,6023760
CherylCarson,Tuesday  ,1793991
CherylCarson,Tuesday  ,7353093
CherylCarson,Tuesday  ,5479388
CherylCarson,Tuesday  ,4085111
CherylCarson,Tuesday  ,3073455
CherylCarson,Tuesday  ,3306164
CherylCarson,Tuesday  ,5369105
CherylCarson,Tuesday  ,6620247
CherylCarson,Tuesday  ,4817957
CherylCarson,Tuesday  ,6309346
CherylCarson,Tuesday  ,5597665
CherylCarson,Tuesday  ,7460749
CherylCarson,Tuesday  ,4615093
DeanStraight,Tuesday  ,12359677
DeanStraight,Tuesday  ,10576319
DeanStraight,Tuesday  ,13445558
DeanStraight,Tuesday  ,12845185
DeanStraight,Tuesday  ,11168130
DeanStraight,Tuesday  ,14244740
DeanStraight,Tuesday  ,9466457
DeanStraight,Tuesday  ,13190554
DeanStraight,Tuesday  ,11292149
DeanStraight,Tuesday  ,10092405
DeanStraight,Tuesday  ,13915225
DeanStraight,Tuesday  ,14882539
DeanStraight,Tuesday  ,12594902
DeanStraight,Tuesday  ,12589649
DeanStraight,Tuesday  ,10795596
DirkStringer,Tuesday  ,44635347
DirkStringer,Tuesday  ,55494024
DirkStringer,Tuesday  ,64874902
DirkStringer,Tuesday  ,54992609
DirkStringer,Tuesday  ,37154338
DirkStringer,Tuesday  ,45835990
DirkStringer,Tuesday  ,46561665
DirkStringer,Tuesday  ,47511599
DirkStringer,Tuesday  ,54293382
DirkStringer,Tuesday  ,43658965
DirkStringer,Tuesday  ,41006973
DirkStringer,Tuesday  ,40532005
DirkStringer,Tuesday  ,66801220
HeatherMcBadden,Tuesday  ,16940034
HeatherMcBadden,Tuesday  ,13461164
HeatherMcBadden,Tuesday  ,14947836
HeatherMcBadden,Tuesday  ,20339486
HeatherMcBadden,Tuesday  ,22387908
HeatherMcBadden,Tuesday  ,18141873
HeatherMcBadden,Tuesday  ,13369111
HeatherMcBadden,Tuesday  ,20795300
HeatherMcBadden,Tuesday  ,17828101
HeatherMcBadden,Tuesday  ,22587382
HeatherMcBadden,Tuesday  ,16687060
HeatherMcBadden,Tuesday  ,16833797
HeatherMcBadden,Tuesday  ,11631014
HeatherMcBadden,Tuesday  ,24765369
HeatherMcBadden,Tuesday  ,17175981
Innesdel Castillo,Tuesday  ,26697904
Innesdel Castillo,Tuesday  ,15536488
Innesdel Castillo,Tuesday  ,23145835
Innesdel Castillo,Tuesday  ,16082145
Innesdel Castillo,Tuesday  ,14756847
Innesdel Castillo,Tuesday  ,19841460
Innesdel Castillo,Tuesday  ,23368395
Innesdel Castillo,Tuesday  ,16404610
Innesdel Castillo,Tuesday  ,19645979
Innesdel Castillo,Tuesday  ,21240557
Innesdel Castillo,Tuesday  ,18102641
Innesdel Castillo,Tuesday  ,15548254
Innesdel Castillo,Tuesday  ,17247257
Innesdel Castillo,Tuesday  ,19504654
Innesdel Castillo,Tuesday  ,18350335
JohnsonWhite,Tuesday  ,5416301
JohnsonWhite,Tuesday  ,7378500
JohnsonWhite,Tuesday  ,7406556
JohnsonWhite,Tuesday  ,8563104
JohnsonWhite,Tuesday  ,7411751
JohnsonWhite,Tuesday  ,8834682
JohnsonWhite,Tuesday  ,5756965
JohnsonWhite,Tuesday  ,4170996
JohnsonWhite,Tuesday  ,7596476
JohnsonWhite,Tuesday  ,7964950
JohnsonWhite,Tuesday  ,6124507
JohnsonWhite,Tuesday  ,6829113
JohnsonWhite,Tuesday  ,5535399
JohnsonWhite,Tuesday  ,4752982
JohnsonWhite,Tuesday  ,6533303
LiviaKarsen,Tuesday  ,10518182
LiviaKarsen,Tuesday  ,12884323
LiviaKarsen,Tuesday  ,9212663
LiviaKarsen,Tuesday  ,6175627
LiviaKarsen,Tuesday  ,6342715
LiviaKarsen,Tuesday  ,8950158
LiviaKarsen,Tuesday  ,11866108
LiviaKarsen,Tuesday  ,12086205
LiviaKarsen,Tuesday  ,2671055
LiviaKarsen,Tuesday  ,9947169
LiviaKarsen,Tuesday  ,12118011
LiviaKarsen,Tuesday  ,14672444
LiviaKarsen,Tuesday  ,673438
LiviaKarsen,Tuesday  ,17311693
LiviaKarsen,Tuesday  ,10266278
MarjorieGreen,Tuesday  ,6285889
MarjorieGreen,Tuesday  ,6003255
MarjorieGreen,Tuesday  ,3910293
MarjorieGreen,Tuesday  ,4527374
MarjorieGreen,Tuesday  ,10163717
MarjorieGreen,Tuesday  ,5631116
MarjorieGreen,Tuesday  ,8354280
MarjorieGreen,Tuesday  ,7259988
MarjorieGreen,Tuesday  ,8315365
MarjorieGreen,Tuesday  ,9379301
MarjorieGreen,Tuesday  ,8467689
MarjorieGreen,Tuesday  ,4681812
MarjorieGreen,Tuesday  ,7362947
MarjorieGreen,Tuesday  ,5604765
MarjorieGreen,Tuesday  ,6541172
MeanderSmith,Tuesday  ,3689228
MeanderSmith,Tuesday  ,3988342
MeanderSmith,Tuesday  ,3615725
MeanderSmith,Tuesday  ,4752229
MeanderSmith,Tuesday  ,3347578
MeanderSmith,Tuesday  ,4391927
MeanderSmith,Tuesday  ,4359465
MeanderSmith,Tuesday  ,3720195
MeanderSmith,Tuesday  ,3348325
MeanderSmith,Tuesday  ,4475503
MeanderSmith,Tuesday  ,4721262
MeanderSmith,Tuesday  ,6837191
MeanderSmith,Tuesday  ,5072238
MeanderSmith,Tuesday  ,3935733
MeanderSmith,Tuesday  ,3659007
MichaelO'Leary,Tuesday  ,4441148
MichaelO'Leary,Tuesday  ,7957429
MichaelO'Leary,Tuesday  ,6135174
MichaelO'Leary,Tuesday  ,7014245
MichaelO'Leary,Tuesday  ,7847519
MichaelO'Leary,Tuesday  ,7893315
MichaelO'Leary,Tuesday  ,9651456
MichaelO'Leary,Tuesday  ,5338536
MichaelO'Leary,Tuesday  ,7920793
MichaelO'Leary,Tuesday  ,12197075
MichaelO'Leary,Tuesday  ,8772385
MichaelO'Leary,Tuesday  ,5283581
MichaelO'Leary,Tuesday  ,11308845
MichaelO'Leary,Tuesday  ,17361587
MichelDeFrance,Tuesday  ,32827677
MichelDeFrance,Tuesday  ,34047874
MichelDeFrance,Tuesday  ,28252452
MichelDeFrance,Tuesday  ,32801232
MichelDeFrance,Tuesday  ,34165148
MichelDeFrance,Tuesday  ,40170795
MichelDeFrance,Tuesday  ,36573055
MichelDeFrance,Tuesday  ,26310925
MichelDeFrance,Tuesday  ,31890079
MichelDeFrance,Tuesday  ,32985604
MichelDeFrance,Tuesday  ,28110091
MichelDeFrance,Tuesday  ,22371653
MichelDeFrance,Tuesday  ,24630390
MichelDeFrance,Tuesday  ,24973454
MichelDeFrance,Tuesday  ,37309950
MorningstarGreene,Tuesday  ,6684156
MorningstarGreene,Tuesday  ,3048862
MorningstarGreene,Tuesday  ,3888578
MorningstarGreene,Tuesday  ,5219528
MorningstarGreene,Tuesday  ,6215751
MorningstarGreene,Tuesday  ,5276036
MorningstarGreene,Tuesday  ,6839482
MorningstarGreene,Tuesday  ,4526580
MorningstarGreene,Tuesday  ,3253740
MorningstarGreene,Tuesday  ,3212181
MorningstarGreene,Tuesday  ,2879018
MorningstarGreene,Tuesday  ,4991193
MorningstarGreene,Tuesday  ,3305851
MorningstarGreene,Tuesday  ,4051661
MorningstarGreene,Tuesday  ,4344816
ReginaldBlotchet-Halls,Tuesday  ,7326648
ReginaldBlotchet-Halls,Tuesday  ,6382907
ReginaldBlotchet-Halls,Tuesday  ,7235258
ReginaldBlotchet-Halls,Tuesday  ,7448030
ReginaldBlotchet-Halls,Tuesday  ,5517501
ReginaldBlotchet-Halls,Tuesday  ,8562764
ReginaldBlotchet-Halls,Tuesday  ,3934180
ReginaldBlotchet-Halls,Tuesday  ,4439330
ReginaldBlotchet-Halls,Tuesday  ,5273424
ReginaldBlotchet-Halls,Tuesday  ,5148099
ReginaldBlotchet-Halls,Tuesday  ,6187126
ReginaldBlotchet-Halls,Tuesday  ,5734172
ReginaldBlotchet-Halls,Tuesday  ,5447004
ReginaldBlotchet-Halls,Tuesday  ,4051667
ReginaldBlotchet-Halls,Tuesday  ,6610038
SherylHunter,Tuesday  ,9388115
SherylHunter,Tuesday  ,9214775
SherylHunter,Tuesday  ,9891107
SherylHunter,Tuesday  ,9025829
SherylHunter,Tuesday  ,12068373
SherylHunter,Tuesday  ,9723326
SherylHunter,Tuesday  ,13627246
SherylHunter,Tuesday  ,9014124
SherylHunter,Tuesday  ,11991164
SherylHunter,Tuesday  ,9914223
SherylHunter,Tuesday  ,11998967
SherylHunter,Tuesday  ,10068054
SherylHunter,Tuesday  ,15351655
SherylHunter,Tuesday  ,11910347
SherylHunter,Tuesday  ,10567438
StearnsMacFeather,Tuesday  ,1589341
StearnsMacFeather,Tuesday  ,2128177
StearnsMacFeather,Tuesday  ,2121787
StearnsMacFeather,Tuesday  ,2171032
StearnsMacFeather,Tuesday  ,1647976
StearnsMacFeather,Tuesday  ,1389036
StearnsMacFeather,Tuesday  ,2485934
StearnsMacFeather,Tuesday  ,1965385
StearnsMacFeather,Tuesday  ,2545533
StearnsMacFeather,Tuesday  ,2241089
StearnsMacFeather,Tuesday  ,3212664
StearnsMacFeather,Tuesday  ,2334851
StearnsMacFeather,Tuesday  ,2008751
StearnsMacFeather,Tuesday  ,1721420
StearnsMacFeather,Tuesday  ,1493524
SylviaPanteley,Tuesday  ,7301419
SylviaPanteley,Tuesday  ,7498056
SylviaPanteley,Tuesday  ,6591629
SylviaPanteley,Tuesday  ,4543939
SylviaPanteley,Tuesday  ,7036677
SylviaPanteley,Tuesday  ,6569433
SylviaPanteley,Tuesday  ,7955447
SylviaPanteley,Tuesday  ,6008738
SylviaPanteley,Tuesday  ,7478925
SylviaPanteley,Tuesday  ,5918946
SylviaPanteley,Tuesday  ,7523943
SylviaPanteley,Tuesday  ,6434177
SylviaPanteley,Tuesday  ,7705850
SylviaPanteley,Tuesday  ,3898298
SylviaPanteley,Tuesday  ,6824418
AbrahamBennet,Wednesday,15830734
AbrahamBennet,Wednesday,17103206
AbrahamBennet,Wednesday,17560172
AbrahamBennet,Wednesday,13280201
AbrahamBennet,Wednesday,14631787
AbrahamBennet,Wednesday,20344916
AbrahamBennet,Wednesday,11087698
AbrahamBennet,Wednesday,14253544
AbrahamBennet,Wednesday,13792675
AbrahamBennet,Wednesday,9907272
AbrahamBennet,Wednesday,22683225
AbrahamBennet,Wednesday,17259606
AbrahamBennet,Wednesday,12599948
AbrahamBennet,Wednesday,14507824
AlbertRinger,Wednesday,30534328
AlbertRinger,Wednesday,26581537
AlbertRinger,Wednesday,34036059
AlbertRinger,Wednesday,22133358
AlbertRinger,Wednesday,38469653
AlbertRinger,Wednesday,30008010
AlbertRinger,Wednesday,22902820
AlbertRinger,Wednesday,28422550
AlbertRinger,Wednesday,28261260
AlbertRinger,Wednesday,18314662
AlbertRinger,Wednesday,32101947
AlbertRinger,Wednesday,34870028
AlbertRinger,Wednesday,24858998
AlbertRinger,Wednesday,32223207
AnnDull,Wednesday,3347219
AnnDull,Wednesday,2695763
AnnDull,Wednesday,3265051
AnnDull,Wednesday,2092064
AnnDull,Wednesday,2346145
AnnDull,Wednesday,2506814
AnnDull,Wednesday,1839830
AnnDull,Wednesday,2673646
AnnDull,Wednesday,2635401
AnnDull,Wednesday,2102512
AnnDull,Wednesday,2717257
AnnDull,Wednesday,2454601
AnnDull,Wednesday,2607578
AnnDull,Wednesday,2305118
AnneRinger,Wednesday,2622880
AnneRinger,Wednesday,3839467
AnneRinger,Wednesday,2583058
AnneRinger,Wednesday,3149963
AnneRinger,Wednesday,5291850
AnneRinger,Wednesday,2907899
AnneRinger,Wednesday,3511492
AnneRinger,Wednesday,4764767
AnneRinger,Wednesday,2423772
AnneRinger,Wednesday,2016153
AnneRinger,Wednesday,3146829
AnneRinger,Wednesday,2861809
AnneRinger,Wednesday,4078397
BurtGringlesby,Wednesday,9047118
BurtGringlesby,Wednesday,5662931
BurtGringlesby,Wednesday,6598084
BurtGringlesby,Wednesday,8095555
BurtGringlesby,Wednesday,10497285
BurtGringlesby,Wednesday,9806981
BurtGringlesby,Wednesday,8084144
BurtGringlesby,Wednesday,9106568
BurtGringlesby,Wednesday,8107423
BurtGringlesby,Wednesday,6346933
BurtGringlesby,Wednesday,8026452
BurtGringlesby,Wednesday,9660259
BurtGringlesby,Wednesday,9541358
BurtGringlesby,Wednesday,10466402
CharleneLocksley,Wednesday,6064414
CharleneLocksley,Wednesday,8488907
CharleneLocksley,Wednesday,7746950
CharleneLocksley,Wednesday,8459075
CharleneLocksley,Wednesday,7106468
CharleneLocksley,Wednesday,7232676
CharleneLocksley,Wednesday,8169177
CharleneLocksley,Wednesday,6174561
CharleneLocksley,Wednesday,7792844
CharleneLocksley,Wednesday,7792333
CharleneLocksley,Wednesday,6434626
CharleneLocksley,Wednesday,9270384
CharleneLocksley,Wednesday,8894561
CharleneLocksley,Wednesday,7104429
CherylCarson,Wednesday,4950929
CherylCarson,Wednesday,4821345
CherylCarson,Wednesday,6512971
CherylCarson,Wednesday,3720192
CherylCarson,Wednesday,3799906
CherylCarson,Wednesday,4374846
CherylCarson,Wednesday,3141102
CherylCarson,Wednesday,5654691
CherylCarson,Wednesday,4735997
CherylCarson,Wednesday,4503668
CherylCarson,Wednesday,4635117
CherylCarson,Wednesday,5845068
CherylCarson,Wednesday,4897291
CherylCarson,Wednesday,5136776
DeanStraight,Wednesday,15346593
DeanStraight,Wednesday,12855372
DeanStraight,Wednesday,7350777
DeanStraight,Wednesday,11795369
DeanStraight,Wednesday,12804439
DeanStraight,Wednesday,16759017
DeanStraight,Wednesday,14399904
DeanStraight,Wednesday,9285846
DeanStraight,Wednesday,12743215
DeanStraight,Wednesday,8449943
DeanStraight,Wednesday,14720857
DeanStraight,Wednesday,9461619
DeanStraight,Wednesday,10345486
DeanStraight,Wednesday,11774409
DirkStringer,Wednesday,39555623
DirkStringer,Wednesday,31850354
DirkStringer,Wednesday,41006973
DirkStringer,Wednesday,29673329
DirkStringer,Wednesday,48237274
DirkStringer,Wednesday,30649711
DirkStringer,Wednesday,45835990
DirkStringer,Wednesday,58845243
DirkStringer,Wednesday,78385571
DirkStringer,Wednesday,45585282
DirkStringer,Wednesday,61272976
DirkStringer,Wednesday,30148296
DirkStringer,Wednesday,47762307
DirkStringer,Wednesday,53567707
HeatherMcBadden,Wednesday,19791127
HeatherMcBadden,Wednesday,23924371
HeatherMcBadden,Wednesday,20993289
HeatherMcBadden,Wednesday,15713318
HeatherMcBadden,Wednesday,26011432
HeatherMcBadden,Wednesday,17306539
HeatherMcBadden,Wednesday,21342600
HeatherMcBadden,Wednesday,14830291
HeatherMcBadden,Wednesday,15305197
HeatherMcBadden,Wednesday,12370391
HeatherMcBadden,Wednesday,19474457
HeatherMcBadden,Wednesday,10585961
HeatherMcBadden,Wednesday,18924861
HeatherMcBadden,Wednesday,12905836
Innesdel Castillo,Wednesday,12306885
Innesdel Castillo,Wednesday,15199051
Innesdel Castillo,Wednesday,18687142
Innesdel Castillo,Wednesday,19373151
Innesdel Castillo,Wednesday,13162269
Innesdel Castillo,Wednesday,20255613
Innesdel Castillo,Wednesday,17338313
Innesdel Castillo,Wednesday,25155538
Innesdel Castillo,Wednesday,17234860
Innesdel Castillo,Wednesday,11659379
Innesdel Castillo,Wednesday,18311491
Innesdel Castillo,Wednesday,24652273
Innesdel Castillo,Wednesday,12993866
Innesdel Castillo,Wednesday,19400229
JohnsonWhite,Wednesday,4354487
JohnsonWhite,Wednesday,5035918
JohnsonWhite,Wednesday,8920670
JohnsonWhite,Wednesday,7627867
JohnsonWhite,Wednesday,6404159
JohnsonWhite,Wednesday,5735002
JohnsonWhite,Wednesday,5890855
JohnsonWhite,Wednesday,8111713
JohnsonWhite,Wednesday,6699004
JohnsonWhite,Wednesday,3949366
JohnsonWhite,Wednesday,5599162
JohnsonWhite,Wednesday,8071635
JohnsonWhite,Wednesday,7637780
JohnsonWhite,Wednesday,4998943
LiviaKarsen,Wednesday,14388735
LiviaKarsen,Wednesday,14356929
LiviaKarsen,Wednesday,6594618
LiviaKarsen,Wednesday,12767701
LiviaKarsen,Wednesday,11624807
LiviaKarsen,Wednesday,15935555
LiviaKarsen,Wednesday,16198060
LiviaKarsen,Wednesday,4628808
LiviaKarsen,Wednesday,10255676
LiviaKarsen,Wednesday,11897914
LiviaKarsen,Wednesday,4565196
LiviaKarsen,Wednesday,9971967
LiviaKarsen,Wednesday,14179240
LiviaKarsen,Wednesday,9297479
MarjorieGreen,Wednesday,6208282
MarjorieGreen,Wednesday,5516484
MarjorieGreen,Wednesday,9713082
MarjorieGreen,Wednesday,7273776
MarjorieGreen,Wednesday,6787005
MarjorieGreen,Wednesday,6914867
MarjorieGreen,Wednesday,7723745
MarjorieGreen,Wednesday,6555293
MarjorieGreen,Wednesday,4977343
MarjorieGreen,Wednesday,6093983
MarjorieGreen,Wednesday,6272659
MarjorieGreen,Wednesday,5708057
MarjorieGreen,Wednesday,9290687
MarjorieGreen,Wednesday,5914083
MeanderSmith,Wednesday,3997668
MeanderSmith,Wednesday,5083058
MeanderSmith,Wednesday,4029383
MeanderSmith,Wednesday,2690403
MeanderSmith,Wednesday,2657194
MeanderSmith,Wednesday,3784372
MeanderSmith,Wednesday,3965953
MeanderSmith,Wednesday,3308031
MeanderSmith,Wednesday,3976774
MeanderSmith,Wednesday,2668014
MeanderSmith,Wednesday,2531829
MeanderSmith,Wednesday,4082739
MeanderSmith,Wednesday,4264320
MeanderSmith,Wednesday,2616153
MichaelO'Leary,Wednesday,7884156
MichaelO'Leary,Wednesday,12206234
MichaelO'Leary,Wednesday,10420616
MichaelO'Leary,Wednesday,7920793
MichaelO'Leary,Wednesday,7032563
MichaelO'Leary,Wednesday,9550705
MichaelO'Leary,Wednesday,8754067
MichaelO'Leary,Wednesday,9614819
MichaelO'Leary,Wednesday,10475571
MichaelO'Leary,Wednesday,10466412
MichaelO'Leary,Wednesday,9651456
MichaelO'Leary,Wednesday,11345482
MichaelO'Leary,Wednesday,9587341
MichelDeFrance,Wednesday,33420853
MichelDeFrance,Wednesday,17948312
MichelDeFrance,Wednesday,34767847
MichelDeFrance,Wednesday,32952350
MichelDeFrance,Wednesday,22263136
MichelDeFrance,Wednesday,32442603
MichelDeFrance,Wednesday,31881323
MichelDeFrance,Wednesday,26755697
MichelDeFrance,Wednesday,32182968
MichelDeFrance,Wednesday,39985658
MichelDeFrance,Wednesday,35905381
MichelDeFrance,Wednesday,35720244
MichelDeFrance,Wednesday,28470077
MichelDeFrance,Wednesday,34507446
MorningstarGreene,Wednesday,5013653
MorningstarGreene,Wednesday,3889193
MorningstarGreene,Wednesday,2068991
MorningstarGreene,Wednesday,8726917
MorningstarGreene,Wednesday,5342272
MorningstarGreene,Wednesday,5920134
MorningstarGreene,Wednesday,6022548
MorningstarGreene,Wednesday,4008391
MorningstarGreene,Wednesday,3538816
MorningstarGreene,Wednesday,3384856
MorningstarGreene,Wednesday,2808792
MorningstarGreene,Wednesday,3280128
MorningstarGreene,Wednesday,4797940
MorningstarGreene,Wednesday,6036167
ReginaldBlotchet-Halls,Wednesday,6309822
ReginaldBlotchet-Halls,Wednesday,5748534
ReginaldBlotchet-Halls,Wednesday,5166360
ReginaldBlotchet-Halls,Wednesday,3973328
ReginaldBlotchet-Halls,Wednesday,4308796
ReginaldBlotchet-Halls,Wednesday,5927368
ReginaldBlotchet-Halls,Wednesday,4936641
ReginaldBlotchet-Halls,Wednesday,5251223
ReginaldBlotchet-Halls,Wednesday,7645125
ReginaldBlotchet-Halls,Wednesday,7270510
ReginaldBlotchet-Halls,Wednesday,5714596
ReginaldBlotchet-Halls,Wednesday,6847595
ReginaldBlotchet-Halls,Wednesday,5722435
ReginaldBlotchet-Halls,Wednesday,5726333
SherylHunter,Wednesday,10401609
SherylHunter,Wednesday,7642246
SherylHunter,Wednesday,9969973
SherylHunter,Wednesday,8996860
SherylHunter,Wednesday,8351449
SherylHunter,Wednesday,11735056
SherylHunter,Wednesday,7170175
SherylHunter,Wednesday,11532748
SherylHunter,Wednesday,11143444
SherylHunter,Wednesday,11937365
SherylHunter,Wednesday,9590423
SherylHunter,Wednesday,10392148
SherylHunter,Wednesday,9322611
SherylHunter,Wednesday,12104852
StearnsMacFeather,Wednesday,2062312
StearnsMacFeather,Wednesday,2243120
StearnsMacFeather,Wednesday,2391676
StearnsMacFeather,Wednesday,1091103
StearnsMacFeather,Wednesday,1575022
StearnsMacFeather,Wednesday,2147529
StearnsMacFeather,Wednesday,1883924
StearnsMacFeather,Wednesday,2439585
StearnsMacFeather,Wednesday,926790
StearnsMacFeather,Wednesday,1437911
StearnsMacFeather,Wednesday,1648672
StearnsMacFeather,Wednesday,1209909
StearnsMacFeather,Wednesday,1773296
StearnsMacFeather,Wednesday,2122999
SylviaPanteley,Wednesday,4871876
SylviaPanteley,Wednesday,6178301
SylviaPanteley,Wednesday,4939058
SylviaPanteley,Wednesday,5122396
SylviaPanteley,Wednesday,7224449
SylviaPanteley,Wednesday,9033760
SylviaPanteley,Wednesday,3512491
SylviaPanteley,Wednesday,8443191
SylviaPanteley,Wednesday,6625906
SylviaPanteley,Wednesday,6119984
SylviaPanteley,Wednesday,6225906
SylviaPanteley,Wednesday,4880710
SylviaPanteley,Wednesday,5078747
SylviaPanteley,Wednesday,7619568
AbrahamBennet,Thursday ,13635252
AbrahamBennet,Thursday ,12840579
AbrahamBennet,Thursday ,19373427
AbrahamBennet,Thursday ,14926614
AbrahamBennet,Thursday ,19367494
AbrahamBennet,Thursday ,10042842
AbrahamBennet,Thursday ,14570029
AbrahamBennet,Thursday ,18885140
AbrahamBennet,Thursday ,13661615
AbrahamBennet,Thursday ,18319610
AbrahamBennet,Thursday ,18782684
AbrahamBennet,Thursday ,15909813
AbrahamBennet,Thursday ,18915088
AbrahamBennet,Thursday ,16903727
AlbertRinger,Thursday ,37547649
AlbertRinger,Thursday ,20766573
AlbertRinger,Thursday ,22474772
AlbertRinger,Thursday ,27082906
AlbertRinger,Thursday ,30937792
AlbertRinger,Thursday ,25553930
AlbertRinger,Thursday ,40106741
AlbertRinger,Thursday ,26312659
AlbertRinger,Thursday ,28476422
AlbertRinger,Thursday ,31652965
AlbertRinger,Thursday ,32013427
AlbertRinger,Thursday ,36722577
AlbertRinger,Thursday ,21237238
AlbertRinger,Thursday ,24791058
AnnDull,Thursday ,3221726
AnnDull,Thursday ,1658432
AnnDull,Thursday ,2793772
AnnDull,Thursday ,2014951
AnnDull,Thursday ,2624017
AnnDull,Thursday ,2782102
AnnDull,Thursday ,2803908
AnnDull,Thursday ,2437538
AnnDull,Thursday ,3045694
AnnDull,Thursday ,2546592
AnnDull,Thursday ,3144613
AnnDull,Thursday ,2486855
AnnDull,Thursday ,2832614
AnnDull,Thursday ,2234620
AnneRinger,Thursday ,3915976
AnneRinger,Thursday ,4728079
AnneRinger,Thursday ,2337860
AnneRinger,Thursday ,2745479
AnneRinger,Thursday ,3673912
AnneRinger,Thursday ,4884231
AnneRinger,Thursday ,4602346
AnneRinger,Thursday ,3630957
AnneRinger,Thursday ,5696334
AnneRinger,Thursday ,5049786
AnneRinger,Thursday ,2947721
AnneRinger,Thursday ,3876155
AnneRinger,Thursday ,3067186
AnneRinger,Thursday ,4522703
BurtGringlesby,Thursday ,6634255
BurtGringlesby,Thursday ,6495136
BurtGringlesby,Thursday ,6276072
BurtGringlesby,Thursday ,9006404
BurtGringlesby,Thursday ,9044335
BurtGringlesby,Thursday ,7312691
BurtGringlesby,Thursday ,6481966
BurtGringlesby,Thursday ,7868140
BurtGringlesby,Thursday ,8143594
BurtGringlesby,Thursday ,8021453
BurtGringlesby,Thursday ,6500703
BurtGringlesby,Thursday ,6770590
BurtGringlesby,Thursday ,5928276
BurtGringlesby,Thursday ,8767122
CharleneLocksley,Thursday ,7078169
CharleneLocksley,Thursday ,6066453
CharleneLocksley,Thursday ,6808410
CharleneLocksley,Thursday ,7803042
CharleneLocksley,Thursday ,7477702
CharleneLocksley,Thursday ,6193172
CharleneLocksley,Thursday ,7612581
CharleneLocksley,Thursday ,6978221
CharleneLocksley,Thursday ,6251814
CharleneLocksley,Thursday ,7953983
CharleneLocksley,Thursday ,8274224
CharleneLocksley,Thursday ,9262224
CharleneLocksley,Thursday ,6174561
CharleneLocksley,Thursday ,8146994
CherylCarson,Thursday ,6898296
CherylCarson,Thursday ,3823698
CherylCarson,Thursday ,6044164
CherylCarson,Thursday ,5128858
CherylCarson,Thursday ,4849668
CherylCarson,Thursday ,6251559
CherylCarson,Thursday ,4971333
CherylCarson,Thursday ,4241875
CherylCarson,Thursday ,5472612
CherylCarson,Thursday ,4009927
CherylCarson,Thursday ,4921845
CherylCarson,Thursday ,6201309
CherylCarson,Thursday ,4267190
CherylCarson,Thursday ,3648395
DeanStraight,Thursday ,16974224
DeanStraight,Thursday ,13019121
DeanStraight,Thursday ,11270478
DeanStraight,Thursday ,8094512
DeanStraight,Thursday ,13360927
DeanStraight,Thursday ,13889363
DeanStraight,Thursday ,11001100
DeanStraight,Thursday ,13911317
DeanStraight,Thursday ,16703637
DeanStraight,Thursday ,11568351
DeanStraight,Thursday ,10171956
DeanStraight,Thursday ,13548807
DeanStraight,Thursday ,14929012
DeanStraight,Thursday ,14470694
DirkStringer,Thursday ,42207615
DirkStringer,Thursday ,36428663
DirkStringer,Thursday ,60771560
DirkStringer,Thursday ,53791966
DirkStringer,Thursday ,61022268
DirkStringer,Thursday ,34726606
DirkStringer,Thursday ,58146016
DirkStringer,Thursday ,62222910
DirkStringer,Thursday ,50163592
DirkStringer,Thursday ,49688624
DirkStringer,Thursday ,39555623
DirkStringer,Thursday ,46561665
DirkStringer,Thursday ,48013015
HeatherMcBadden,Thursday ,18347044
HeatherMcBadden,Thursday ,28621316
HeatherMcBadden,Thursday ,22341241
HeatherMcBadden,Thursday ,16101490
HeatherMcBadden,Thursday ,26118673
HeatherMcBadden,Thursday ,17671717
HeatherMcBadden,Thursday ,18692829
HeatherMcBadden,Thursday ,12494615
HeatherMcBadden,Thursday ,28879130
HeatherMcBadden,Thursday ,22387563
HeatherMcBadden,Thursday ,10899019
HeatherMcBadden,Thursday ,22995826
HeatherMcBadden,Thursday ,25799861
HeatherMcBadden,Thursday ,18237549
Innesdel Castillo,Thursday ,18181301
Innesdel Castillo,Thursday ,13552260
Innesdel Castillo,Thursday ,19517392
Innesdel Castillo,Thursday ,24248914
Innesdel Castillo,Thursday ,15809316
Innesdel Castillo,Thursday ,20736320
Innesdel Castillo,Thursday ,13862619
Innesdel Castillo,Thursday ,10880710
Innesdel Castillo,Thursday ,19504654
Innesdel Castillo,Thursday ,12801301
Innesdel Castillo,Thursday ,27022945
Innesdel Castillo,Thursday ,16793629
Innesdel Castillo,Thursday ,17805651
Innesdel Castillo,Thursday ,17027613
JohnsonWhite,Thursday ,9140927
JohnsonWhite,Thursday ,6029782
JohnsonWhite,Thursday ,7137955
JohnsonWhite,Thursday ,5620749
JohnsonWhite,Thursday ,7146456
JohnsonWhite,Thursday ,5900873
JohnsonWhite,Thursday ,7237959
JohnsonWhite,Thursday ,7404049
JohnsonWhite,Thursday ,5282759
JohnsonWhite,Thursday ,5573859
JohnsonWhite,Thursday ,8091554
JohnsonWhite,Thursday ,5004568
JohnsonWhite,Thursday ,5928119
JohnsonWhite,Thursday ,6216048
LiviaKarsen,Thursday ,10234472
LiviaKarsen,Thursday ,7417534
LiviaKarsen,Thursday ,20682034
LiviaKarsen,Thursday ,12096807
LiviaKarsen,Thursday ,17272879
LiviaKarsen,Thursday ,10454570
LiviaKarsen,Thursday ,17248081
LiviaKarsen,Thursday ,12841915
LiviaKarsen,Thursday ,6349723
LiviaKarsen,Thursday ,17787288
LiviaKarsen,Thursday ,8205050
LiviaKarsen,Thursday ,8751264
LiviaKarsen,Thursday ,8236856
LiviaKarsen,Thursday ,11242086
MarjorieGreen,Thursday ,7173597
MarjorieGreen,Thursday ,6298120
MarjorieGreen,Thursday ,6156803
MarjorieGreen,Thursday ,5785330
MarjorieGreen,Thursday ,5735074
MarjorieGreen,Thursday ,6349266
MarjorieGreen,Thursday ,8916435
MarjorieGreen,Thursday ,8083320
MarjorieGreen,Thursday ,6310684
MarjorieGreen,Thursday ,6003255
MarjorieGreen,Thursday ,6193271
MarjorieGreen,Thursday ,5773657
MarjorieGreen,Thursday ,5899630
MarjorieGreen,Thursday ,5526268
MeanderSmith,Thursday ,2657194
MeanderSmith,Thursday ,3274075
MeanderSmith,Thursday ,2603838
MeanderSmith,Thursday ,5400825
MeanderSmith,Thursday ,3604904
MeanderSmith,Thursday ,4071171
MeanderSmith,Thursday ,5030449
MeanderSmith,Thursday ,2689656
MeanderSmith,Thursday ,4103633
MeanderSmith,Thursday ,6528750
MeanderSmith,Thursday ,5422466
MeanderSmith,Thursday ,5008061
MeanderSmith,Thursday ,3689975
MichaelO'Leary,Thursday ,8799863
MichaelO'Leary,Thursday ,6986767
MichaelO'Leary,Thursday ,8708271
MichaelO'Leary,Thursday ,6135174
MichaelO'Leary,Thursday ,7069200
MichaelO'Leary,Thursday ,5320218
MichaelO'Leary,Thursday ,12178757
MichaelO'Leary,Thursday ,7050881
MichaelO'Leary,Thursday ,16528313
MichaelO'Leary,Thursday ,15612606
MichaelO'Leary,Thursday ,11354641
MichaelO'Leary,Thursday ,6162652
MichaelO'Leary,Thursday ,11318005
MichaelO'Leary,Thursday ,6968449
MichelDeFrance,Thursday ,36733105
MichelDeFrance,Thursday ,36165016
MichelDeFrance,Thursday ,32785667
MichelDeFrance,Thursday ,34950861
MichelDeFrance,Thursday ,29105263
MichelDeFrance,Thursday ,32275153
MichelDeFrance,Thursday ,28375769
MichelDeFrance,Thursday ,39417569
MichelDeFrance,Thursday ,35059969
MichelDeFrance,Thursday ,33094121
MichelDeFrance,Thursday ,37995312
MichelDeFrance,Thursday ,40847992
MichelDeFrance,Thursday ,28920892
MichelDeFrance,Thursday ,35428121
MorningstarGreene,Thursday ,3297526
MorningstarGreene,Thursday ,6650676
MorningstarGreene,Thursday ,3608747
MorningstarGreene,Thursday ,3607996
MorningstarGreene,Thursday ,4578076
MorningstarGreene,Thursday ,4717371
MorningstarGreene,Thursday ,5171491
MorningstarGreene,Thursday ,5483560
MorningstarGreene,Thursday ,3684969
MorningstarGreene,Thursday ,3832120
MorningstarGreene,Thursday ,4641148
MorningstarGreene,Thursday ,2387217
MorningstarGreene,Thursday ,6726898
MorningstarGreene,Thursday ,3019260
ReginaldBlotchet-Halls,Thursday ,5775944
ReginaldBlotchet-Halls,Thursday ,6016130
ReginaldBlotchet-Halls,Thursday ,5688500
ReginaldBlotchet-Halls,Thursday ,6254995
ReginaldBlotchet-Halls,Thursday ,7138658
ReginaldBlotchet-Halls,Thursday ,8852520
ReginaldBlotchet-Halls,Thursday ,5441791
ReginaldBlotchet-Halls,Thursday ,5995240
ReginaldBlotchet-Halls,Thursday ,6512127
ReginaldBlotchet-Halls,Thursday ,7018591
ReginaldBlotchet-Halls,Thursday ,6232797
ReginaldBlotchet-Halls,Thursday ,6068325
ReginaldBlotchet-Halls,Thursday ,7569412
ReginaldBlotchet-Halls,Thursday ,5406542
SherylHunter,Thursday ,11234015
SherylHunter,Thursday ,11937365
SherylHunter,Thursday ,8908239
SherylHunter,Thursday ,10002844
SherylHunter,Thursday ,5910034
SherylHunter,Thursday ,10268706
SherylHunter,Thursday ,11704136
SherylHunter,Thursday ,12135772
SherylHunter,Thursday ,15700522
SherylHunter,Thursday ,7948782
SherylHunter,Thursday ,10471014
SherylHunter,Thursday ,11239868
SherylHunter,Thursday ,11050922
SherylHunter,Thursday ,9922027
StearnsMacFeather,Thursday ,1501965
StearnsMacFeather,Thursday ,1920166
StearnsMacFeather,Thursday ,2362422
StearnsMacFeather,Thursday ,1772104
StearnsMacFeather,Thursday ,2198950
StearnsMacFeather,Thursday ,1070764
StearnsMacFeather,Thursday ,1478363
StearnsMacFeather,Thursday ,1952769
StearnsMacFeather,Thursday ,1567317
StearnsMacFeather,Thursday ,900904
StearnsMacFeather,Thursday ,1632196
StearnsMacFeather,Thursday ,1495209
StearnsMacFeather,Thursday ,1522797
StearnsMacFeather,Thursday ,1209563
SylviaPanteley,Thursday ,8097491
SylviaPanteley,Thursday ,6120462
SylviaPanteley,Thursday ,7036646
SylviaPanteley,Thursday ,6245483
SylviaPanteley,Thursday ,7181275
SylviaPanteley,Thursday ,7812218
SylviaPanteley,Thursday ,3129777
SylviaPanteley,Thursday ,8020966
SylviaPanteley,Thursday ,5706656
SylviaPanteley,Thursday ,4032663
SylviaPanteley,Thursday ,8308349
SylviaPanteley,Thursday ,7372080
SylviaPanteley,Thursday ,6525847
SylviaPanteley,Thursday ,6000764
AbrahamBennet,Friday   ,14243700
AbrahamBennet,Friday   ,18453242
AbrahamBennet,Friday   ,16393279
AbrahamBennet,Friday   ,12097030
AbrahamBennet,Friday   ,15885937
AbrahamBennet,Friday   ,20784307
AbrahamBennet,Friday   ,19424100
AbrahamBennet,Friday   ,17299536
AbrahamBennet,Friday   ,15053618
AbrahamBennet,Friday   ,15688162
AbrahamBennet,Friday   ,22160506
AbrahamBennet,Friday   ,19036185
AbrahamBennet,Friday   ,15841924
AbrahamBennet,Friday   ,11573829
AlbertRinger,Friday   ,33823705
AlbertRinger,Friday   ,29564483
AlbertRinger,Friday   ,27369093
AlbertRinger,Friday   ,19411237
AlbertRinger,Friday   ,19305994
AlbertRinger,Friday   ,42404974
AlbertRinger,Friday   ,30626186
AlbertRinger,Friday   ,16731498
AlbertRinger,Friday   ,27587804
AlbertRinger,Friday   ,19215082
AlbertRinger,Friday   ,20830150
AlbertRinger,Friday   ,26226218
AlbertRinger,Friday   ,22418705
AlbertRinger,Friday   ,21977012
AnnDull,Friday   ,3445539
AnnDull,Friday   ,2579470
AnnDull,Friday   ,2233710
AnnDull,Friday   ,2508972
AnnDull,Friday   ,2310511
AnnDull,Friday   ,2475185
AnnDull,Friday   ,3150889
AnnDull,Friday   ,2947062
AnnDull,Friday   ,2453379
AnnDull,Friday   ,3298838
AnnDull,Friday   ,2102512
AnnDull,Friday   ,2673022
AnnDull,Friday   ,2751044
AnnDull,Friday   ,2502981
AnneRinger,Friday   ,4568793
AnneRinger,Friday   ,3107007
AnneRinger,Friday   ,2583058
AnneRinger,Friday   ,3670778
AnneRinger,Friday   ,2420638
AnneRinger,Friday   ,5414449
AnneRinger,Friday   ,3876155
AnneRinger,Friday   ,4035441
AnneRinger,Friday   ,5371493
AnneRinger,Friday   ,4439925
AnneRinger,Friday   ,2301173
AnneRinger,Friday   ,4075263
AnneRinger,Friday   ,2864944
AnneRinger,Friday   ,3024230
BurtGringlesby,Friday   ,7198332
BurtGringlesby,Friday   ,6739985
BurtGringlesby,Friday   ,9033948
BurtGringlesby,Friday   ,12396158
BurtGringlesby,Friday   ,7883816
BurtGringlesby,Friday   ,6909708
BurtGringlesby,Friday   ,6058309
BurtGringlesby,Friday   ,6071936
BurtGringlesby,Friday   ,7188224
BurtGringlesby,Friday   ,6703814
BurtGringlesby,Friday   ,7821860
BurtGringlesby,Friday   ,9377480
BurtGringlesby,Friday   ,9451581
BurtGringlesby,Friday   ,6525006
CharleneLocksley,Friday   ,8603641
CharleneLocksley,Friday   ,6865525
CharleneLocksley,Friday   ,8595993
CharleneLocksley,Friday   ,5637088
CharleneLocksley,Friday   ,6999382
CharleneLocksley,Friday   ,7208965
CharleneLocksley,Friday   ,7047315
CharleneLocksley,Friday   ,7692896
CharleneLocksley,Friday   ,5983589
CharleneLocksley,Friday   ,5822449
CharleneLocksley,Friday   ,7236248
CharleneLocksley,Friday   ,6623560
CharleneLocksley,Friday   ,8337454
CharleneLocksley,Friday   ,5107263
CherylCarson,Friday   ,4038630
CherylCarson,Friday   ,4800560
CherylCarson,Friday   ,6466871
CherylCarson,Friday   ,7064119
CherylCarson,Friday   ,6102332
CherylCarson,Friday   ,6165449
CherylCarson,Friday   ,4217321
CherylCarson,Friday   ,2962030
CherylCarson,Friday   ,7589571
CherylCarson,Friday   ,5236514
CherylCarson,Friday   ,5622219
CherylCarson,Friday   ,7714244
CherylCarson,Friday   ,7095829
CherylCarson,Friday   ,5397808
DeanStraight,Friday   ,8523071
DeanStraight,Friday   ,11468567
DeanStraight,Friday   ,12901240
DeanStraight,Friday   ,11428571
DeanStraight,Friday   ,17244621
DeanStraight,Friday   ,9310313
DeanStraight,Friday   ,11802986
DeanStraight,Friday   ,12840082
DeanStraight,Friday   ,11611184
DeanStraight,Friday   ,13490081
DeanStraight,Friday   ,14156175
DeanStraight,Friday   ,12347573
DeanStraight,Friday   ,13483406
DeanStraight,Friday   ,15440949
DirkStringer,Friday   ,69453212
DirkStringer,Friday   ,37629306
DirkStringer,Friday   ,38354980
DirkStringer,Friday   ,42933290
DirkStringer,Friday   ,40281298
DirkStringer,Friday   ,34502346
DirkStringer,Friday   ,50414299
DirkStringer,Friday   ,58845243
DirkStringer,Friday   ,45361022
DirkStringer,Friday   ,44635347
DirkStringer,Friday   ,51865649
DirkStringer,Friday   ,73081587
DirkStringer,Friday   ,46310957
HeatherMcBadden,Friday   ,9308707
HeatherMcBadden,Friday   ,24152400
HeatherMcBadden,Friday   ,16117357
HeatherMcBadden,Friday   ,20863702
HeatherMcBadden,Friday   ,18008817
HeatherMcBadden,Friday   ,15242538
HeatherMcBadden,Friday   ,18790155
HeatherMcBadden,Friday   ,15785433
HeatherMcBadden,Friday   ,23142284
HeatherMcBadden,Friday   ,13259684
HeatherMcBadden,Friday   ,15250010
HeatherMcBadden,Friday   ,19948616
HeatherMcBadden,Friday   ,17990239
HeatherMcBadden,Friday   ,18008850
Innesdel Castillo,Friday   ,19425363
Innesdel Castillo,Friday   ,19607135
Innesdel Castillo,Friday   ,22031963
Innesdel Castillo,Friday   ,17752466
Innesdel Castillo,Friday   ,8974460
Innesdel Castillo,Friday   ,15899401
Innesdel Castillo,Friday   ,12072901
Innesdel Castillo,Friday   ,13099263
Innesdel Castillo,Friday   ,19283066
Innesdel Castillo,Friday   ,19453414
Innesdel Castillo,Friday   ,16974429
Innesdel Castillo,Friday   ,13253957
Innesdel Castillo,Friday   ,15600466
Innesdel Castillo,Friday   ,18388207
JohnsonWhite,Friday   ,8851944
JohnsonWhite,Friday   ,10412557
JohnsonWhite,Friday   ,4248019
JohnsonWhite,Friday   ,4653961
JohnsonWhite,Friday   ,7663370
JohnsonWhite,Friday   ,4286612
JohnsonWhite,Friday   ,8655160
JohnsonWhite,Friday   ,5525743
JohnsonWhite,Friday   ,7209033
JohnsonWhite,Friday   ,4803816
JohnsonWhite,Friday   ,6767066
JohnsonWhite,Friday   ,6148318
JohnsonWhite,Friday   ,6289168
JohnsonWhite,Friday   ,6243155
LiviaKarsen,Friday   ,14264056
LiviaKarsen,Friday   ,12380517
LiviaKarsen,Friday   ,14598230
LiviaKarsen,Friday   ,9794278
LiviaKarsen,Friday   ,13650635
LiviaKarsen,Friday   ,12065001
LiviaKarsen,Friday   ,14083822
LiviaKarsen,Friday   ,15694253
LiviaKarsen,Friday   ,9212663
LiviaKarsen,Friday   ,24432372
LiviaKarsen,Friday   ,8194448
LiviaKarsen,Friday   ,14211046
LiviaKarsen,Friday   ,5342110
LiviaKarsen,Friday   ,5015992
MarjorieGreen,Friday   ,7377401
MarjorieGreen,Friday   ,6157136
MarjorieGreen,Friday   ,11524966
MarjorieGreen,Friday   ,7209399
MarjorieGreen,Friday   ,6079862
MarjorieGreen,Friday   ,8739316
MarjorieGreen,Friday   ,6630677
MarjorieGreen,Friday   ,4757529
MarjorieGreen,Friday   ,6131675
MarjorieGreen,Friday   ,8970694
MarjorieGreen,Friday   ,7004039
MarjorieGreen,Friday   ,8199509
MarjorieGreen,Friday   ,5041053
MeanderSmith,Friday   ,5423214
MeanderSmith,Friday   ,5051343
MeanderSmith,Friday   ,2946235
MeanderSmith,Friday   ,3614977
MeanderSmith,Friday   ,2583691
MeanderSmith,Friday   ,1934348
MeanderSmith,Friday   ,4329244
MeanderSmith,Friday   ,3720942
MeanderSmith,Friday   ,3625798
MeanderSmith,Friday   ,2924593
MeanderSmith,Friday   ,5071490
MeanderSmith,Friday   ,5359784
MeanderSmith,Friday   ,3296463
MeanderSmith,Friday   ,3669828
MichaelO'Leary,Friday   ,11345482
MichaelO'Leary,Friday   ,9678933
MichaelO'Leary,Friday   ,11308845
MichaelO'Leary,Friday   ,10512208
MichaelO'Leary,Friday   ,11327164
MichaelO'Leary,Friday   ,9623978
MichaelO'Leary,Friday   ,7874997
MichaelO'Leary,Friday   ,12123802
MichaelO'Leary,Friday   ,7041722
MichaelO'Leary,Friday   ,11281368
MichaelO'Leary,Friday   ,16409243
MichaelO'Leary,Friday   ,10548845
MichaelO'Leary,Friday   ,7005085
MichaelO'Leary,Friday   ,6245085
MichelDeFrance,Friday   ,37375691
MichelDeFrance,Friday   ,41725125
MichelDeFrance,Friday   ,36590743
MichelDeFrance,Friday   ,30770233
MichelDeFrance,Friday   ,21778476
MichelDeFrance,Friday   ,31555947
MichelDeFrance,Friday   ,35077657
MichelDeFrance,Friday   ,38497660
MichelDeFrance,Friday   ,29171005
MichelDeFrance,Friday   ,29265313
MichelDeFrance,Friday   ,40102931
MichelDeFrance,Friday   ,26144242
MichelDeFrance,Friday   ,36297855
MichelDeFrance,Friday   ,39627794
MorningstarGreene,Friday   ,4552353
MorningstarGreene,Friday   ,4413428
MorningstarGreene,Friday   ,4362031
MorningstarGreene,Friday   ,3000297
MorningstarGreene,Friday   ,3036425
MorningstarGreene,Friday   ,4472252
MorningstarGreene,Friday   ,4716619
MorningstarGreene,Friday   ,5039426
MorningstarGreene,Friday   ,4186326
MorningstarGreene,Friday   ,3684168
MorningstarGreene,Friday   ,4594294
MorningstarGreene,Friday   ,7379985
MorningstarGreene,Friday   ,2953676
MorningstarGreene,Friday   ,6537856
ReginaldBlotchet-Halls,Friday   ,7770450
ReginaldBlotchet-Halls,Friday   ,7188272
ReginaldBlotchet-Halls,Friday   ,6594364
ReginaldBlotchet-Halls,Friday   ,7599454
ReginaldBlotchet-Halls,Friday   ,5728959
ReginaldBlotchet-Halls,Friday   ,7099514
ReginaldBlotchet-Halls,Friday   ,7263986
ReginaldBlotchet-Halls,Friday   ,6791456
ReginaldBlotchet-Halls,Friday   ,6670075
ReginaldBlotchet-Halls,Friday   ,6281097
ReginaldBlotchet-Halls,Friday   ,6606098
ReginaldBlotchet-Halls,Friday   ,5796831
ReginaldBlotchet-Halls,Friday   ,7583774
ReginaldBlotchet-Halls,Friday   ,7822645
SherylHunter,Friday   ,10486621
SherylHunter,Friday   ,7752326
SherylHunter,Friday   ,15500165
SherylHunter,Friday   ,10642403
SherylHunter,Friday   ,10081710
SherylHunter,Friday   ,10946988
SherylHunter,Friday   ,8931356
SherylHunter,Friday   ,15548404
SherylHunter,Friday   ,10197349
SherylHunter,Friday   ,9318709
SherylHunter,Friday   ,10758042
SherylHunter,Friday   ,13234040
SherylHunter,Friday   ,11428521
SherylHunter,Friday   ,13842917
StearnsMacFeather,Friday   ,1280808
StearnsMacFeather,Friday   ,2159957
StearnsMacFeather,Friday   ,1539399
StearnsMacFeather,Friday   ,1235795
StearnsMacFeather,Friday   ,2209182
StearnsMacFeather,Friday   ,2212901
StearnsMacFeather,Friday   ,2050541
StearnsMacFeather,Friday   ,2351125
StearnsMacFeather,Friday   ,1364834
StearnsMacFeather,Friday   ,2636996
StearnsMacFeather,Friday   ,2048343
StearnsMacFeather,Friday   ,1826463
StearnsMacFeather,Friday   ,2935073
StearnsMacFeather,Friday   ,2171012
SylviaPanteley,Friday   ,6882227
SylviaPanteley,Friday   ,4330758
SylviaPanteley,Friday   ,6535635
SylviaPanteley,Friday   ,6597940
SylviaPanteley,Friday   ,10983026
SylviaPanteley,Friday   ,3521833
SylviaPanteley,Friday   ,8665683
SylviaPanteley,Friday   ,7195051
SylviaPanteley,Friday   ,5922870
SylviaPanteley,Friday   ,4452269
SylviaPanteley,Friday   ,5450303
SylviaPanteley,Friday   ,6038580
SylviaPanteley,Friday   ,8815193
SylviaPanteley,Friday   ,5999426
AbrahamBennet,Saturday ,14674933
AbrahamBennet,Saturday ,13774826
AbrahamBennet,Saturday ,13969145
AbrahamBennet,Saturday ,19388450
AbrahamBennet,Saturday ,15375995
AbrahamBennet,Saturday ,16454101
AbrahamBennet,Saturday ,19758892
AbrahamBennet,Saturday ,12116144
AbrahamBennet,Saturday ,13941920
AbrahamBennet,Saturday ,22023196
AbrahamBennet,Saturday ,11152562
AbrahamBennet,Saturday ,17027948
AbrahamBennet,Saturday ,14825772
AbrahamBennet,Saturday ,14873160
AlbertRinger,Saturday ,37100460
AlbertRinger,Saturday ,28545150
AlbertRinger,Saturday ,29061032
AlbertRinger,Saturday ,25120896
AlbertRinger,Saturday ,26695341
AlbertRinger,Saturday ,20471624
AlbertRinger,Saturday ,14909343
AlbertRinger,Saturday ,30130396
AlbertRinger,Saturday ,23325085
AlbertRinger,Saturday ,26821846
AlbertRinger,Saturday ,24009659
AlbertRinger,Saturday ,22810546
AlbertRinger,Saturday ,28232645
AlbertRinger,Saturday ,21821393
AnnDull,Saturday ,2964124
AnnDull,Saturday ,2507724
AnnDull,Saturday ,3309598
AnnDull,Saturday ,2465335
AnnDull,Saturday ,2749225
AnnDull,Saturday ,2376552
AnnDull,Saturday ,2701130
AnnDull,Saturday ,3128798
AnnDull,Saturday ,2173634
AnnDull,Saturday ,2530492
AnnDull,Saturday ,2503579
AnnDull,Saturday ,2442619
AnnDull,Saturday ,3051685
AnnDull,Saturday ,2754279
AnneRinger,Saturday ,1372739
AnneRinger,Saturday ,1813911
AnneRinger,Saturday ,2463593
AnneRinger,Saturday ,3912842
AnneRinger,Saturday ,3474804
AnneRinger,Saturday ,3958932
AnneRinger,Saturday ,3597403
AnneRinger,Saturday ,3876155
AnneRinger,Saturday ,4522703
AnneRinger,Saturday ,3998754
AnneRinger,Saturday ,2662701
AnneRinger,Saturday ,4038575
AnneRinger,Saturday ,4645302
AnneRinger,Saturday ,4240817
BurtGringlesby,Saturday ,7074889
BurtGringlesby,Saturday ,9537094
BurtGringlesby,Saturday ,6531308
BurtGringlesby,Saturday ,7201116
BurtGringlesby,Saturday ,7440398
BurtGringlesby,Saturday ,9119460
BurtGringlesby,Saturday ,9946100
BurtGringlesby,Saturday ,7827427
BurtGringlesby,Saturday ,8075794
BurtGringlesby,Saturday ,7031392
BurtGringlesby,Saturday ,8509103
BurtGringlesby,Saturday ,5687234
BurtGringlesby,Saturday ,6462772
BurtGringlesby,Saturday ,7767976
CharleneLocksley,Saturday ,7746438
CharleneLocksley,Saturday ,5475437
CharleneLocksley,Saturday ,9667878
CharleneLocksley,Saturday ,7637314
CharleneLocksley,Saturday ,8096511
CharleneLocksley,Saturday ,4193968
CharleneLocksley,Saturday ,6623049
CharleneLocksley,Saturday ,6540696
CharleneLocksley,Saturday ,7392289
CharleneLocksley,Saturday ,5507819
CharleneLocksley,Saturday ,6811471
CharleneLocksley,Saturday ,8624803
CharleneLocksley,Saturday ,8037358
CharleneLocksley,Saturday ,8152604
CherylCarson,Saturday ,5136776
CherylCarson,Saturday ,4796030
CherylCarson,Saturday ,4743154
CherylCarson,Saturday ,3305784
CherylCarson,Saturday ,5057062
CherylCarson,Saturday ,4917315
CherylCarson,Saturday ,3513178
CherylCarson,Saturday ,5185884
CherylCarson,Saturday ,6301428
CherylCarson,Saturday ,6437787
CherylCarson,Saturday ,3757193
CherylCarson,Saturday ,4345382
CherylCarson,Saturday ,4742773
CherylCarson,Saturday ,6985166
DeanStraight,Saturday ,10952102
DeanStraight,Saturday ,11613079
DeanStraight,Saturday ,16347576
DeanStraight,Saturday ,6822582
DeanStraight,Saturday ,15976346
DeanStraight,Saturday ,14103508
DeanStraight,Saturday ,13679021
DeanStraight,Saturday ,12712366
DeanStraight,Saturday ,11858311
DeanStraight,Saturday ,9688193
DeanStraight,Saturday ,12967664
DeanStraight,Saturday ,16832765
DeanStraight,Saturday ,11404979
DeanStraight,Saturday ,11136247
DirkStringer,Saturday ,56918926
DirkStringer,Saturday ,54042674
DirkStringer,Saturday ,52564876
DirkStringer,Saturday ,56443959
DirkStringer,Saturday ,68978245
DirkStringer,Saturday ,60520853
DirkStringer,Saturday ,51865649
DirkStringer,Saturday ,39331363
DirkStringer,Saturday ,34726606
DirkStringer,Saturday ,36177956
DirkStringer,Saturday ,35702988
DirkStringer,Saturday ,67526895
DirkStringer,Saturday ,61022268
DirkStringer,Saturday ,48738690
HeatherMcBadden,Saturday ,18556996
HeatherMcBadden,Saturday ,18972321
HeatherMcBadden,Saturday ,17366856
HeatherMcBadden,Saturday ,22401457
HeatherMcBadden,Saturday ,9745042
HeatherMcBadden,Saturday ,23529386
HeatherMcBadden,Saturday ,14670317
HeatherMcBadden,Saturday ,20766207
HeatherMcBadden,Saturday ,19217981
HeatherMcBadden,Saturday ,21536718
HeatherMcBadden,Saturday ,19659611
HeatherMcBadden,Saturday ,23217666
HeatherMcBadden,Saturday ,15663193
HeatherMcBadden,Saturday ,15587778
Innesdel Castillo,Saturday ,14835166
Innesdel Castillo,Saturday ,13487310
Innesdel Castillo,Saturday ,26517735
Innesdel Castillo,Saturday ,12850597
Innesdel Castillo,Saturday ,18309888
Innesdel Castillo,Saturday ,16727707
Innesdel Castillo,Saturday ,13954648
Innesdel Castillo,Saturday ,24650329
Innesdel Castillo,Saturday ,19917835
Innesdel Castillo,Saturday ,16093910
Innesdel Castillo,Saturday ,16171257
Innesdel Castillo,Saturday ,21163210
Innesdel Castillo,Saturday ,14330929
Innesdel Castillo,Saturday ,16754785
JohnsonWhite,Saturday ,7234797
JohnsonWhite,Saturday ,5911913
JohnsonWhite,Saturday ,6823514
JohnsonWhite,Saturday ,7499285
JohnsonWhite,Saturday ,7105266
JohnsonWhite,Saturday ,5595191
JohnsonWhite,Saturday ,5853452
JohnsonWhite,Saturday ,5823442
JohnsonWhite,Saturday ,6724852
JohnsonWhite,Saturday ,5667716
JohnsonWhite,Saturday ,6605222
JohnsonWhite,Saturday ,8176560
JohnsonWhite,Saturday ,8493385
JohnsonWhite,Saturday ,4441360
LiviaKarsen,Saturday ,12611216
LiviaKarsen,Saturday ,10748881
LiviaKarsen,Saturday ,11085600
LiviaKarsen,Saturday ,2347482
LiviaKarsen,Saturday ,11525795
LiviaKarsen,Saturday ,21008151
LiviaKarsen,Saturday ,12348711
LiviaKarsen,Saturday ,9826084
LiviaKarsen,Saturday ,5069002
LiviaKarsen,Saturday ,6374521
LiviaKarsen,Saturday ,11032590
LiviaKarsen,Saturday ,935944
LiviaKarsen,Saturday ,16758470
MarjorieGreen,Saturday ,8944343
MarjorieGreen,Saturday ,8429107
MarjorieGreen,Saturday ,5272208
MarjorieGreen,Saturday ,6914534
MarjorieGreen,Saturday ,8826930
MarjorieGreen,Saturday ,4578187
MarjorieGreen,Saturday ,5322131
MarjorieGreen,Saturday ,5232626
MarjorieGreen,Saturday ,6593318
MarjorieGreen,Saturday ,7212179
MarjorieGreen,Saturday ,7259988
MarjorieGreen,Saturday ,6477129
MarjorieGreen,Saturday ,7583094
MarjorieGreen,Saturday ,6657361
MeanderSmith,Saturday ,2615406
MeanderSmith,Saturday ,5380678
MeanderSmith,Saturday ,2914520
MeanderSmith,Saturday ,4166316
MeanderSmith,Saturday ,3254675
MeanderSmith,Saturday ,4029383
MeanderSmith,Saturday ,4370286
MeanderSmith,Saturday ,2648615
MeanderSmith,Saturday ,3318105
MeanderSmith,Saturday ,6476142
MeanderSmith,Saturday ,4285962
MeanderSmith,Saturday ,3265496
MeanderSmith,Saturday ,2710550
MeanderSmith,Saturday ,3658260
MichaelO'Leary,Saturday ,9605660
MichaelO'Leary,Saturday ,6977608
MichaelO'Leary,Saturday ,7911633
MichaelO'Leary,Saturday ,9614819
MichaelO'Leary,Saturday ,12206234
MichaelO'Leary,Saturday ,8772385
MichaelO'Leary,Saturday ,8735749
MichaelO'Leary,Saturday ,9596501
MichaelO'Leary,Saturday ,13030350
MichaelO'Leary,Saturday ,7014245
MichaelO'Leary,Saturday ,12187916
MichaelO'Leary,Saturday ,7142473
MichaelO'Leary,Saturday ,8726589
MichelDeFrance,Saturday ,43089807
MichelDeFrance,Saturday ,31455595
MichelDeFrance,Saturday ,29950675
MichelDeFrance,Saturday ,34114972
MichelDeFrance,Saturday ,34065562
MichelDeFrance,Saturday ,30527520
MichelDeFrance,Saturday ,40957100
MichelDeFrance,Saturday ,39777555
MichelDeFrance,Saturday ,25182913
MichelDeFrance,Saturday ,36038220
MichelDeFrance,Saturday ,40087366
MichelDeFrance,Saturday ,25198479
MichelDeFrance,Saturday ,28461320
MichelDeFrance,Saturday ,41667550
MorningstarGreene,Saturday ,5711895
MorningstarGreene,Saturday ,3911420
MorningstarGreene,Saturday ,4331296
MorningstarGreene,Saturday ,4308651
MorningstarGreene,Saturday ,5220279
MorningstarGreene,Saturday ,3510729
MorningstarGreene,Saturday ,4807212
MorningstarGreene,Saturday ,3510680
MorningstarGreene,Saturday ,7003798
MorningstarGreene,Saturday ,3482025
MorningstarGreene,Saturday ,3480842
MorningstarGreene,Saturday ,6392885
MorningstarGreene,Saturday ,3640566
MorningstarGreene,Saturday ,5286429
ReginaldBlotchet-Halls,Saturday ,8513153
ReginaldBlotchet-Halls,Saturday ,6125778
ReginaldBlotchet-Halls,Saturday ,8193362
ReginaldBlotchet-Halls,Saturday ,5884278
ReginaldBlotchet-Halls,Saturday ,7372320
ReginaldBlotchet-Halls,Saturday ,8026261
ReginaldBlotchet-Halls,Saturday ,4663839
ReginaldBlotchet-Halls,Saturday ,5795520
ReginaldBlotchet-Halls,Saturday ,6363332
ReginaldBlotchet-Halls,Saturday ,6636137
ReginaldBlotchet-Halls,Saturday ,5816409
ReginaldBlotchet-Halls,Saturday ,6794085
ReginaldBlotchet-Halls,Saturday ,6068325
ReginaldBlotchet-Halls,Saturday ,6198860
SherylHunter,Saturday ,11446078
SherylHunter,Saturday ,10748288
SherylHunter,Saturday ,8442020
SherylHunter,Saturday ,12394124
SherylHunter,Saturday ,11814216
SherylHunter,Saturday ,12293798
SherylHunter,Saturday ,5844530
SherylHunter,Saturday ,9800535
SherylHunter,Saturday ,10285970
SherylHunter,Saturday ,10270656
SherylHunter,Saturday ,11792757
SherylHunter,Saturday ,9682946
SherylHunter,Saturday ,9097186
SherylHunter,Saturday ,9889156
StearnsMacFeather,Saturday ,1549012
StearnsMacFeather,Saturday ,2583066
StearnsMacFeather,Saturday ,1774138
StearnsMacFeather,Saturday ,1893787
StearnsMacFeather,Saturday ,1241692
StearnsMacFeather,Saturday ,1490873
StearnsMacFeather,Saturday ,1815881
StearnsMacFeather,Saturday ,2740293
StearnsMacFeather,Saturday ,2820825
StearnsMacFeather,Saturday ,2595476
StearnsMacFeather,Saturday ,1622234
StearnsMacFeather,Saturday ,1485325
StearnsMacFeather,Saturday ,2270691
StearnsMacFeather,Saturday ,1740547
SylviaPanteley,Saturday ,4239565
SylviaPanteley,Saturday ,7592016
SylviaPanteley,Saturday ,4789549
SylviaPanteley,Saturday ,4654262
SylviaPanteley,Saturday ,7277409
SylviaPanteley,Saturday ,8232301
SylviaPanteley,Saturday ,6145872
SylviaPanteley,Saturday ,6689577
SylviaPanteley,Saturday ,4041052
SylviaPanteley,Saturday ,5889995
SylviaPanteley,Saturday ,5516594
SylviaPanteley,Saturday ,7493591
SylviaPanteley,Saturday ,8589635
SylviaPanteley,Saturday ,5946466
AbrahamBennet,Sunday   ,15311395
AbrahamBennet,Sunday   ,20147122
AbrahamBennet,Sunday   ,16683061
AbrahamBennet,Sunday   ,19788389
AbrahamBennet,Sunday   ,10446275
AbrahamBennet,Sunday   ,15079772
AbrahamBennet,Sunday   ,12096793
AbrahamBennet,Sunday   ,23145398
AbrahamBennet,Sunday   ,16587824
AbrahamBennet,Sunday   ,21066885
AbrahamBennet,Sunday   ,12580195
AbrahamBennet,Sunday   ,16908574
AbrahamBennet,Sunday   ,21347937
AbrahamBennet,Sunday   ,11139121
AlbertRinger,Sunday   ,36161874
AlbertRinger,Sunday   ,28737232
AlbertRinger,Sunday   ,22224893
AlbertRinger,Sunday   ,28183503
AlbertRinger,Sunday   ,31030883
AlbertRinger,Sunday   ,26545905
AlbertRinger,Sunday   ,20860615
AlbertRinger,Sunday   ,19176578
AlbertRinger,Sunday   ,20192636
AlbertRinger,Sunday   ,24169694
AlbertRinger,Sunday   ,29064581
AlbertRinger,Sunday   ,26001204
AlbertRinger,Sunday   ,24462883
AlbertRinger,Sunday   ,26172998
AnnDull,Sunday   ,2519706
AnnDull,Sunday   ,2048141
AnnDull,Sunday   ,1844599
AnnDull,Sunday   ,1987467
AnnDull,Sunday   ,2152426
AnnDull,Sunday   ,2699908
AnnDull,Sunday   ,3293160
AnnDull,Sunday   ,2030766
AnnDull,Sunday   ,2916030
AnnDull,Sunday   ,2255828
AnnDull,Sunday   ,2677479
AnnDull,Sunday   ,2634777
AnnDull,Sunday   ,2426778
AnnDull,Sunday   ,2651216
AnneRinger,Sunday   ,5533914
AnneRinger,Sunday   ,2540102
AnneRinger,Sunday   ,3591135
AnneRinger,Sunday   ,3551313
AnneRinger,Sunday   ,3670778
AnneRinger,Sunday   ,3796511
AnneRinger,Sunday   ,3107007
AnneRinger,Sunday   ,3309250
AnneRinger,Sunday   ,3919110
AnneRinger,Sunday   ,4360282
AnneRinger,Sunday   ,2745479
AnneRinger,Sunday   ,2665836
AnneRinger,Sunday   ,2420638
AnneRinger,Sunday   ,3839467
BurtGringlesby,Sunday   ,6283397
BurtGringlesby,Sunday   ,12109293
BurtGringlesby,Sunday   ,7253240
BurtGringlesby,Sunday   ,4517341
BurtGringlesby,Sunday   ,8063926
BurtGringlesby,Sunday   ,11687396
BurtGringlesby,Sunday   ,5524836
BurtGringlesby,Sunday   ,8856899
BurtGringlesby,Sunday   ,6122302
BurtGringlesby,Sunday   ,9645608
BurtGringlesby,Sunday   ,7891141
BurtGringlesby,Sunday   ,10530395
BurtGringlesby,Sunday   ,6428360
BurtGringlesby,Sunday   ,7868140
CharleneLocksley,Sunday   ,6279608
CharleneLocksley,Sunday   ,6061865
CharleneLocksley,Sunday   ,8792064
CharleneLocksley,Sunday   ,6520551
CharleneLocksley,Sunday   ,5322457
CharleneLocksley,Sunday   ,7157972
CharleneLocksley,Sunday   ,7024115
CharleneLocksley,Sunday   ,7676322
CharleneLocksley,Sunday   ,5317358
CharleneLocksley,Sunday   ,6628659
CharleneLocksley,Sunday   ,8469273
CharleneLocksley,Sunday   ,5829587
CharleneLocksley,Sunday   ,5770945
CharleneLocksley,Sunday   ,6894335
CherylCarson,Sunday   ,6102332
CherylCarson,Sunday   ,5755571
CherylCarson,Sunday   ,5029120
CherylCarson,Sunday   ,4614712
CherylCarson,Sunday   ,3624983
CherylCarson,Sunday   ,4764320
CherylCarson,Sunday   ,4983781
CherylCarson,Sunday   ,5687163
CherylCarson,Sunday   ,7449443
CherylCarson,Sunday   ,4847041
CherylCarson,Sunday   ,4349912
CherylCarson,Sunday   ,5157942
CherylCarson,Sunday   ,4217321
CherylCarson,Sunday   ,2969948
DeanStraight,Sunday   ,13269405
DeanStraight,Sunday   ,14816544
DeanStraight,Sunday   ,10217006
DeanStraight,Sunday   ,14025328
DeanStraight,Sunday   ,16059511
DeanStraight,Sunday   ,14096844
DeanStraight,Sunday   ,11637356
DeanStraight,Sunday   ,14771134
DeanStraight,Sunday   ,13603649
DeanStraight,Sunday   ,10020219
DeanStraight,Sunday   ,10265667
DeanStraight,Sunday   ,12166342
DeanStraight,Sunday   ,11449234
DeanStraight,Sunday   ,10474760
DirkStringer,Sunday   ,51139974
DirkStringer,Sunday   ,48962949
DirkStringer,Sunday   ,50889267
DirkStringer,Sunday   ,79111246
DirkStringer,Sunday   ,48013015
DirkStringer,Sunday   ,52089909
DirkStringer,Sunday   ,39080655
DirkStringer,Sunday   ,49213657
DirkStringer,Sunday   ,50190039
DirkStringer,Sunday   ,57644601
DirkStringer,Sunday   ,45361022
DirkStringer,Sunday   ,36903631
DirkStringer,Sunday   ,32576029
HeatherMcBadden,Sunday   ,20770924
HeatherMcBadden,Sunday   ,16690650
HeatherMcBadden,Sunday   ,22672407
HeatherMcBadden,Sunday   ,23060992
HeatherMcBadden,Sunday   ,17251073
HeatherMcBadden,Sunday   ,20044773
HeatherMcBadden,Sunday   ,19910010
HeatherMcBadden,Sunday   ,21099203
HeatherMcBadden,Sunday   ,13424900
HeatherMcBadden,Sunday   ,23989939
HeatherMcBadden,Sunday   ,22654923
HeatherMcBadden,Sunday   ,11075161
HeatherMcBadden,Sunday   ,19618307
HeatherMcBadden,Sunday   ,14195121
Innesdel Castillo,Sunday   ,24353339
Innesdel Castillo,Sunday   ,18076535
Innesdel Castillo,Sunday   ,20034998
Innesdel Castillo,Sunday   ,27101264
Innesdel Castillo,Sunday   ,15510382
Innesdel Castillo,Sunday   ,17649985
Innesdel Castillo,Sunday   ,16351425
Innesdel Castillo,Sunday   ,22265948
Innesdel Castillo,Sunday   ,13992519
Innesdel Castillo,Sunday   ,11723357
Innesdel Castillo,Sunday   ,19619873
Innesdel Castillo,Sunday   ,13332276
Innesdel Castillo,Sunday   ,10363735
Innesdel Castillo,Sunday   ,14303850
JohnsonWhite,Sunday   ,5725852
JohnsonWhite,Sunday   ,8618642
JohnsonWhite,Sunday   ,6795008
JohnsonWhite,Sunday   ,7642386
JohnsonWhite,Sunday   ,4086606
JohnsonWhite,Sunday   ,4247426
JohnsonWhite,Sunday   ,5458343
JohnsonWhite,Sunday   ,5108511
JohnsonWhite,Sunday   ,8991390
JohnsonWhite,Sunday   ,5826804
JohnsonWhite,Sunday   ,8019463
JohnsonWhite,Sunday   ,6565113
JohnsonWhite,Sunday   ,5505380
JohnsonWhite,Sunday   ,6343055
LiviaKarsen,Sunday   ,11053794
LiviaKarsen,Sunday   ,10152201
LiviaKarsen,Sunday   ,3479775
LiviaKarsen,Sunday   ,4082593
LiviaKarsen,Sunday   ,10539386
LiviaKarsen,Sunday   ,10833697
LiviaKarsen,Sunday   ,12065001
LiviaKarsen,Sunday   ,14452347
LiviaKarsen,Sunday   ,8205050
LiviaKarsen,Sunday   ,16208662
LiviaKarsen,Sunday   ,8388957
LiviaKarsen,Sunday   ,8950158
LiviaKarsen,Sunday   ,16850295
LiviaKarsen,Sunday   ,2713463
MarjorieGreen,Sunday   ,8958796
MarjorieGreen,Sunday   ,5592534
MarjorieGreen,Sunday   ,5143455
MarjorieGreen,Sunday   ,5411968
MarjorieGreen,Sunday   ,8532066
MarjorieGreen,Sunday   ,8661152
MarjorieGreen,Sunday   ,4950325
MarjorieGreen,Sunday   ,7659702
MarjorieGreen,Sunday   ,7066859
MarjorieGreen,Sunday   ,8710741
MarjorieGreen,Sunday   ,6375060
MarjorieGreen,Sunday   ,9097000
MarjorieGreen,Sunday   ,9673833
MarjorieGreen,Sunday   ,8982035
MeanderSmith,Sunday   ,2925340
MeanderSmith,Sunday   ,4350139
MeanderSmith,Sunday   ,6371671
MeanderSmith,Sunday   ,1934348
MeanderSmith,Sunday   ,3233034
MeanderSmith,Sunday   ,3338252
MeanderSmith,Sunday   ,4710441
MeanderSmith,Sunday   ,2668014
MeanderSmith,Sunday   ,4987914
MeanderSmith,Sunday   ,5072238
MeanderSmith,Sunday   ,3720195
MeanderSmith,Sunday   ,4007742
MeanderSmith,Sunday   ,4679473
MichaelO'Leary,Sunday   ,13048668
MichaelO'Leary,Sunday   ,9623978
MichaelO'Leary,Sunday   ,12169598
MichaelO'Leary,Sunday   ,6995926
MichaelO'Leary,Sunday   ,7911633
MichaelO'Leary,Sunday   ,6153493
MichaelO'Leary,Sunday   ,7948270
MichaelO'Leary,Sunday   ,6968449
MichaelO'Leary,Sunday   ,13946057
MichaelO'Leary,Sunday   ,5329377
MichaelO'Leary,Sunday   ,7920793
MichaelO'Leary,Sunday   ,6199289
MichaelO'Leary,Sunday   ,12197075
MichaelO'Leary,Sunday   ,9569023
MichelDeFrance,Sunday   ,22038111
MichelDeFrance,Sunday   ,25525977
MichelDeFrance,Sunday   ,38532270
MichelDeFrance,Sunday   ,19670857
MichelDeFrance,Sunday   ,36665241
MichelDeFrance,Sunday   ,29472650
MichelDeFrance,Sunday   ,35135998
MichelDeFrance,Sunday   ,40304991
MichelDeFrance,Sunday   ,33035779
MichelDeFrance,Sunday   ,32944950
MichelDeFrance,Sunday   ,25567987
MichelDeFrance,Sunday   ,30175700
MichelDeFrance,Sunday   ,34140826
MichelDeFrance,Sunday   ,35110145
MorningstarGreene,Sunday   ,5083447
MorningstarGreene,Sunday   ,6036363
MorningstarGreene,Sunday   ,6571522
MorningstarGreene,Sunday   ,3663125
MorningstarGreene,Sunday   ,3626909
MorningstarGreene,Sunday   ,3604400
MorningstarGreene,Sunday   ,5111770
MorningstarGreene,Sunday   ,3687481
MorningstarGreene,Sunday   ,4416310
MorningstarGreene,Sunday   ,6506739
MorningstarGreene,Sunday   ,4933133
MorningstarGreene,Sunday   ,4548475
MorningstarGreene,Sunday   ,4895256
MorningstarGreene,Sunday   ,5788118
ReginaldBlotchet-Halls,Sunday   ,7680374
ReginaldBlotchet-Halls,Sunday   ,6035702
ReginaldBlotchet-Halls,Sunday   ,5542286
ReginaldBlotchet-Halls,Sunday   ,4650788
ReginaldBlotchet-Halls,Sunday   ,6273259
ReginaldBlotchet-Halls,Sunday   ,6384218
ReginaldBlotchet-Halls,Sunday   ,5591900
ReginaldBlotchet-Halls,Sunday   ,5828143
ReginaldBlotchet-Halls,Sunday   ,5257747
ReginaldBlotchet-Halls,Sunday   ,4474582
ReginaldBlotchet-Halls,Sunday   ,6151874
ReginaldBlotchet-Halls,Sunday   ,4458905
ReginaldBlotchet-Halls,Sunday   ,6589152
ReginaldBlotchet-Halls,Sunday   ,5577538
SherylHunter,Sunday   ,12103194
SherylHunter,Sunday   ,10199300
SherylHunter,Sunday   ,13814241
SherylHunter,Sunday   ,8339744
SherylHunter,Sunday   ,10941135
SherylHunter,Sunday   ,9971924
SherylHunter,Sunday   ,14324743
SherylHunter,Sunday   ,7657560
SherylHunter,Sunday   ,10389904
SherylHunter,Sunday   ,9106646
SherylHunter,Sunday   ,8621212
SherylHunter,Sunday   ,11135641
SherylHunter,Sunday   ,11709989
StearnsMacFeather,Sunday   ,1703588
StearnsMacFeather,Sunday   ,2230856
StearnsMacFeather,Sunday   ,1812782
StearnsMacFeather,Sunday   ,2202792
StearnsMacFeather,Sunday   ,1514356
StearnsMacFeather,Sunday   ,1993590
StearnsMacFeather,Sunday   ,1294284
StearnsMacFeather,Sunday   ,2144324
StearnsMacFeather,Sunday   ,2987809
StearnsMacFeather,Sunday   ,1795669
StearnsMacFeather,Sunday   ,2923629
StearnsMacFeather,Sunday   ,1736684
StearnsMacFeather,Sunday   ,1732125
StearnsMacFeather,Sunday   ,1358940
SylviaPanteley,Sunday   ,8598979
SylviaPanteley,Sunday   ,7224894
SylviaPanteley,Sunday   ,8478835
SylviaPanteley,Sunday   ,7122513
SylviaPanteley,Sunday   ,5782735
SylviaPanteley,Sunday   ,7325397
SylviaPanteley,Sunday   ,6422989
SylviaPanteley,Sunday   ,4138076
SylviaPanteley,Sunday   ,4033109
SylviaPanteley,Sunday   ,5468989
SylviaPanteley,Sunday   ,8452502
SylviaPanteley,Sunday   ,7657354
SylviaPanteley,Sunday   ,8044084
SylviaPanteley,Sunday   ,6586750
AkikoYokomoto,,
